user1@example.com,password1,User Fullname 1,123456790,0000AAA,2
user2@example.com,password2,User Fullname 2,123456791,0000AAB,1
user3@example.com,password3,User Fullname 3,123456792,0000AAC,2
user4@example.com,password4,User Fullname 4,123456793,0000AAD,1
user5@example.com,password5,User Fullname 5,123456794,0000AAE,2
user6@example.com,password6,User Fullname 6,123456795,0000AAF,1
user7@example.com,password7,User Fullname 7,123456796,0000AAG,2
user8@example.com,password8,User Fullname 8,123456797,0000AAH,1
user9@example.com,password9,User Fullname 9,123456798,0000AAI,2
user10@example.com,password10,User Fullname 10,123456799,0000AAJ,1
user11@example.com,password11,User Fullname 11,123456800,0000AAK,2
user12@example.com,password12,User Fullname 12,123456801,0000AAL,1
user13@example.com,password13,User Fullname 13,123456802,0000AAM,2
user14@example.com,password14,User Fullname 14,123456803,0000AAN,1
user15@example.com,password15,User Fullname 15,123456804,0000AAO,2
user16@example.com,password16,User Fullname 16,123456805,0000AAP,1
user17@example.com,password17,User Fullname 17,123456806,0000AAQ,2
user18@example.com,password18,User Fullname 18,123456807,0000AAR,1
user19@example.com,password19,User Fullname 19,123456808,0000AAS,2
user20@example.com,password20,User Fullname 20,123456809,0000AAT,1
user21@example.com,password21,User Fullname 21,123456810,0000AAU,2
user22@example.com,password22,User Fullname 22,123456811,0000AAV,1
user23@example.com,password23,User Fullname 23,123456812,0000AAW,2
user24@example.com,password24,User Fullname 24,123456813,0000AAX,1
user25@example.com,password25,User Fullname 25,123456814,0000AAY,2
user26@example.com,password26,User Fullname 26,123456815,0000AAZ,1
user27@example.com,password27,User Fullname 27,123456816,0000ABA,2
user28@example.com,password28,User Fullname 28,123456817,0000ABB,1
user29@example.com,password29,User Fullname 29,123456818,0000ABC,2
user30@example.com,password30,User Fullname 30,123456819,0000ABD,1
